{
  "Settings": {
    "High Probability": 0.8,
    "Left Amount (ul)": 8,
    "Left Reward": 8,
    "Low Probability": 0.4,
    "Max Reward": 8,
    "Min Reward": 2,
    "P(Left)": 0.4,
    "P(Right)": 0.8,
    "Right Amount (ul)": 8,
    "Right Reward": 8,
    "Session Duration (min)": 5
  },
  "info": {
    "BpodFirmwareVersion": 16
  },
  "nTrials": 6,
  "rawData": [
    {
      "rawData": {
        "EventTimestamps": [
          429496.7295,
          429496.7295,
          429496.7295,
          429496.7295,
          429496.7295
        ],
        "Events": [
          70,
          71,
          72,
          73,
          108
        ],
        "RandomNumber": [
          0.6705135303021859
        ],
        "StateTimestamps": [
          0,
          429496.7295,
          429496.7295,
          429496.7295
        ],
        "States": [
          0,
          1,
          4
        ],
        "TrialSentTimestamp": 1555319565.838117,
        "TrialStartTimestamp": 0.13
      }
    },
    {
      "rawData": {
        "EventTimestamps": [
          429496.7295,
          429496.7295,
          429496.7295,
          429496.7295,
          429496.7295,
          429496.7295,
          429496.7295,
          429496.7295,
          429496.7295,
          429496.7295,
          429496.7295,
          429496.7295
        ],
        "Events": [
          72,
          73,
          72,
          73,
          72,
          73,
          70,
          71,
          72,
          73,
          72,
          108
        ],
        "RandomNumber": [
          0.0026737626247760327
        ],
        "StateTimestamps": [
          0,
          429496.7295,
          429496.7295,
          429496.7295
        ],
        "States": [
          0,
          1,
          4
        ],
        "TrialSentTimestamp": 1555319567.827972,
        "TrialStartTimestamp": 2.119
      }
    },
    {
      "rawData": {
        "EventTimestamps": [
          429496.7295,
          429496.7295,
          429496.7295,
          429496.7295,
          429496.7295,
          429496.7295,
          429496.7295,
          429496.7295,
          429496.7295,
          429496.7295,
          429496.7295,
          429496.7295,
          429496.7295,
          429496.7295,
          429496.7295,
          429496.7295,
          429496.7295,
          429496.7295,
          429496.7295,
          429496.7295,
          429496.7295,
          429496.7295,
          429496.7295,
          429496.7295,
          429496.7295,
          429496.7295,
          429496.7295,
          429496.7295,
          429496.7295,
          429496.7295,
          429496.7295,
          429496.7295,
          429496.7295,
          429496.7295,
          429496.7295,
          429496.7295,
          429496.7295,
          429496.7295,
          429496.7295,
          429496.7295,
          429496.7295,
          429496.7295,
          429496.7295,
          429496.7295,
          429496.7295,
          429496.7295,
          429496.7295,
          429496.7295,
          429496.7295,
          429496.7295,
          429496.7295
        ],
        "Events": [
          73,
          72,
          73,
          72,
          73,
          72,
          73,
          72,
          73,
          72,
          73,
          72,
          73,
          72,
          73,
          72,
          73,
          72,
          73,
          72,
          73,
          72,
          73,
          72,
          73,
          72,
          73,
          72,
          73,
          72,
          73,
          72,
          73,
          72,
          73,
          72,
          73,
          72,
          73,
          72,
          73,
          72,
          73,
          72,
          73,
          72,
          73,
          70,
          71,
          72,
          108
        ],
        "RandomNumber": [
          0.2970196797232102
        ],
        "StateTimestamps": [
          0,
          429496.7295,
          429496.7295,
          429496.7295
        ],
        "States": [
          0,
          1,
          4
        ],
        "TrialSentTimestamp": 1555319577.091021,
        "TrialStartTimestamp": 11.381
      }
    },
    {
      "rawData": {
        "EventTimestamps": [
          429496.7295,
          429496.7295,
          429496.7295,
          429496.7295,
          429496.7295,
          429496.7295,
          429496.7295
        ],
        "Events": [
          73,
          72,
          70,
          71,
          73,
          72,
          108
        ],
        "RandomNumber": [
          0.8228393976899094
        ],
        "StateTimestamps": [
          0,
          429496.7295,
          429496.7295,
          429496.7295
        ],
        "States": [
          0,
          1,
          5
        ],
        "TrialSentTimestamp": 1555319601.232334,
        "TrialStartTimestamp": 35.521
      }
    },
    {
      "rawData": {
        "EventTimestamps": [
          429496.7295,
          429496.7295,
          429496.7295,
          429496.7295,
          429496.7295,
          429496.7295,
          429496.7295,
          429496.7295,
          429496.7295,
          429496.7295,
          429496.7295,
          429496.7295,
          429496.7295,
          429496.7295,
          429496.7295,
          429496.7295,
          429496.7295,
          429496.7295,
          429496.7295,
          429496.7295,
          429496.7295,
          429496.7295,
          429496.7295,
          429496.7295,
          429496.7295,
          429496.7295,
          429496.7295,
          429496.7295,
          429496.7295,
          429496.7295,
          429496.7295,
          429496.7295,
          429496.7295,
          429496.7295,
          429496.7295,
          429496.7295,
          429496.7295,
          429496.7295,
          429496.7295,
          429496.7295,
          429496.7295
        ],
        "Events": [
          73,
          72,
          73,
          72,
          73,
          72,
          73,
          72,
          73,
          72,
          73,
          72,
          73,
          72,
          73,
          72,
          73,
          72,
          73,
          72,
          73,
          72,
          73,
          72,
          73,
          72,
          73,
          72,
          73,
          72,
          73,
          72,
          73,
          72,
          73,
          72,
          73,
          70,
          71,
          72,
          108
        ],
        "RandomNumber": [
          0.8096321011273606
        ],
        "StateTimestamps": [
          0,
          429496.7295,
          429496.7295,
          429496.7295
        ],
        "States": [
          0,
          1,
          5
        ],
        "TrialSentTimestamp": 1555319610.364132,
        "TrialStartTimestamp": 44.652
      }
    },
    {
      "rawData": {
        "EventTimestamps": [
          429496.7295,
          429496.7295,
          429496.7295,
          429496.7295,
          429496.7295,
          429496.7295,
          429496.7295
        ],
        "Events": [
          73,
          72,
          73,
          70,
          71,
          72,
          108
        ],
        "RandomNumber": [
          0.10146473765757846
        ],
        "StateTimestamps": [
          0,
          429496.7295,
          429496.7295,
          429496.7295
        ],
        "States": [
          0,
          1,
          4
        ],
        "TrialSentTimestamp": 1555319640.743862,
        "TrialStartTimestamp": 75.03
      }
    }
  ],
  "rawEvents": {
    "Trial": [
      {
        "Trial": {
          "Events": {
            "Port2In": [
              429496.7295
            ],
            "Port2Out": [
              429496.7295
            ],
            "Port3In": [
              429496.7295
            ],
            "Port3Out": [
              429496.7295
            ],