{
  "Settings": {
    "Hold Time (ms)": 150,
    "Reward Amount (ul)": 2,
    "Rewards": 4,
    "Session Duration (min)": 10,
    "Timeout (s)": 8,
    "nTrials": 6
  },
  "info": {
    "BpodFirmwareVersion": 16
  },
  "nTrials": 6,
  "rawData": [
    {
      "rawData": {
        "EventTimestamps": [
          429496.7295,
          429496.7295,
          429496.7295,
          429496.7295,
          429496.7295,
          429496.7295,
          429496.7295
        ],
        "Events": [
          70,
          108,
          108,
          71,
          70,
          71,
          108
        ],
        "StateTimestamps": [
          0,
          429496.7295,
          429496.7295,
          429496.7295,
          429496.7295
        ],
        "States": [
          0,
          1,
          3,
          4
        ],
        "TrialSentTimestamp": 1561289878.193035,
        "TrialStartTimestamp": 0.117
      }
    },
    {
      "rawData": {
        "EventTimestamps": [
          429496.7295,
          429496.7295,
          429496.7295,
          429496.7295,
          429496.7295,
          429496.7295,
          429496.7295,
          429496.7295,
          429496.7295,
          429496.7295,
          429496.7295,
          429496.7295,
          429496.7295,
          429496.7295,
          429496.7295,
          429496.7295,
          429496.7295
        ],
        "Events": [
          70,
          71,
          70,
          71,
          70,
          71,
          70,
          71,
          70,
          71,
          70,
          71,
          70,
          71,
          70,
          71,
          108
        ],
        "StateTimestamps": [
          0,
          429496.7295,
          429496.7295,
          429496.7295
        ],
        "States": [
          0,
          1,
          2
        ],
        "TrialSentTimestamp": 1561289879.514983,
        "TrialStartTimestamp": 1.438
      }
    },
    {
      "rawData": {
        "EventTimestamps": [
          429496.7295,
          429496.7295,
          429496.7295,
          429496.7295
        ],
        "Events": [
          70,
          108,
          108,
          108
        ],
        "StateTimestamps": [
          0,
          429496.7295,
          429496.7295,
          429496.7295,
          429496.7295
        ],
        "States": [
          0,
          1,
          3,
          4
        ],
        "TrialSentTimestamp": 1561289888.012228,
        "TrialStartTimestamp": 9.933
      }
    },
    {
      "rawData": {
        "EventTimestamps": [
          429496.7295,
          429496.7295,
          429496.7295,
          429496.7295,
          429496.7295
        ],
        "Events": [
          71,
          70,
          108,
          108,
          108
        ],
        "StateTimestamps": [
          0,
          429496.7295,
          429496.7295,
          429496.7295,
          429496.7295
        ],
        "States": [
          0,
          1,
          3,
          4
        ],
        "TrialSentTimestamp": 1561289889.63569,
        "TrialStartTimestamp": 11.556
      }
    },
    {
      "rawData": {
        "EventTimestamps": [
          429496.7295,
          429496.7295,
          429496.7295,
          429496.7295,
          429496.7295,
          429496.7295,
          429496.7295,
          429496.7295,
          429496.7295,
          429496.7295,
          429496.7295,
          429496.7295,
          429496.7295,
          429496.7295,
          429496.7295,
          429496.7295,
          429496.7295,
          429496.7295,
          429496.7295,
          429496.7295,
          429496.7295,
          429496.7295,
          429496.7295,
          429496.7295,
          429496.7295,
          429496.7295,
          429496.7295,
          429496.7295,
          429496.7295,
          429496.7295,
          429496.7295,
          429496.7295,
          429496.7295,
          429496.7295,
          429496.7295,
          429496.7295
        ],
        "Events": [
          71,
          70,
          71,
          70,
          71,
          70,
          71,
          70,
          71,
          70,
          71,
          70,
          71,
          70,
          71,
          70,
          71,
          70,
          71,
          70,
          71,
          70,
          71,
          70,
          71,
          70,
          71,
          70,
          71,
          70,
          71,
          70,
          71,
          70,
          71,
          108
        ],
        "StateTimestamps": [
          0,
          429496.7295,
          429496.7295,
          429496.7295
        ],
        "States": [
          0,
          1,
          2
        ],
        "TrialSentTimestamp": 1561289891.497784,
        "TrialStartTimestamp": 13.417
      }
    },
    {
      "rawData": {
        "EventTimestamps": [
          429496.7295,
          429496.7295,
          429496.7295,
          429496.7295,
          429496.7295,
          429496.7295,
          429496.7295,
          429496.7295,
          429496.7295,
          429496.7295
        ],
        "Events": [
          70,
          108,
          108,
          71,
          70,
          71,
          70,
          71,
          70,
          108
        ],
        "StateTimestamps": [
          0,
          429496.7295,
          429496.7295,
          429496.7295,
          429496.7295
        ],
        "States": [
          0,
          1,
          3,
          4
        ],
        "TrialSentTimestamp": 1561289900.337902,
        "TrialStartTimestamp": 22.255
      }
    }
  ],
  "rawEvents": {
    "Trial": [
      {
        "Trial": {
          "Events": {
            "Port2In": [
              429496.7295,
              429496.7295
            ],
            "Port2Out": [
              429496.7295,
              429496.7295
            ],
            "Tup": [
              429496.7295,
              429496.7295,
              429496.7295
            ]
          },
          "States": {
            "EarlyRelease": [
              [
                NaN,
                NaN
              ]
            ],
            "ExitPause": [
              [
                429496.7295,
                429496.7295
              ]
            ],
            "Poked": [
              [
                429496.7295,
                429496.7295
              ]
            ],
            "RewardCenter": [
              [
                429496.7295,
                429496.7295
              ]
            ],
            "WaitForPoke": [
              [
                0,
                429496.7295
              ]
            ]
          }
        }
      },
      {
        "Trial": {
          "Events": {
            "Port2In": [
              429496.7295,
              429496.7295,
              429496.7295,
              429496.7295,
              429496.7295,
              429496.7295,
              429496.7295,
              429496.7295
            ],
            "Port2Out": [
              429496.7295,
              429496.7295,
              429496.7295,
              429496.7295,
              429496.7295,
              429496.7295,
              429496.7295,
              429496.7295
            ],
            "Tup": [
              429496.7295
            ]
          },
          "States": {
            "EarlyRelease": [
              [
                429496.7295,
                429496.7295
              ]
            ],
            "ExitPause": [
              [
                NaN,
                NaN
              ]
            ],
            "Poked": [
              [
                429496.7295,
                429496.7295
              ]
            ],
            "RewardCenter": [
              [
                NaN,
                NaN
              ]
            ],