{
  "Settings": {
    "Block Lengths": [
      5
    ],
    "Block Types": [
      "90:50"
    ],
    "Hold Time (ms)": 500,
    "Left Amount (ul)": 4,
    "Left Rewards": [
      true,
      true,
      true,
      true,
      false
    ],
    "Random Numbers": [
      0.13710281295706106,
      0.6007528987172867,
      0.08330567091430263,
      0.011876663784747832,
      0.930556609260951
    ],
    "Right Amount (ul)": 4,
    "Right Rewards": [
      true,
      false,
      true,
      true,
      false
    ],
    "Session Duration (min)": 20,
    "Timeout (s)": 2,
    "nTrials": 5
  },
  "info": {
    "BpodFirmwareVersion": 16
  },
  "nTrials": 4,
  "rawData": [
    {
      "rawData": {
        "EventTimestamps": [
          429496.7295,
          429496.7295,
          429496.7295,
          429496.7295,
          429496.7295
        ],
        "Events": [
          70,
          71,
          70,
          71,
          108
        ],
        "StateTimestamps": [
          0,
          429496.7295,
          429496.7295,
          429496.7295
        ],
        "States": [
          0,
          1,
          3
        ],
        "TrialSentTimestamp": 1557610640.728747,
        "TrialStartTimestamp": 0.159
      }
    },
    {
      "rawData": {
        "EventTimestamps": [
          429496.7295,
          429496.7295,
          429496.7295,
          429496.7295,
          429496.7295,
          429496.7295,
          429496.7295
        ],
        "Events": [
          70,
          71,
          70,
          71,
          72,
          73,
          108
        ],
        "StateTimestamps": [
          0,
          429496.7295,
          429496.7295,
          429496.7295
        ],
        "States": [
          0,
          1,
          3
        ],
        "TrialSentTimestamp": 1557610645.753646,
        "TrialStartTimestamp": 5.182
      }
    },
    {
      "rawData": {
        "EventTimestamps": [
          429496.7295,
          429496.7295,
          429496.7295,
          429496.7295,
          429496.7295,
          429496.7295,
          429496.7295,
          429496.7295,
          429496.7295,
          429496.7295,
          429496.7295,
          429496.7295,
          429496.7295,
          429496.7295
        ],
        "Events": [
          72,
          73,
          70,
          108,
          108,
          71,
          70,
          71,
          70,
          71,
          70,
          71,
          72,
          108
        ],
        "StateTimestamps": [
          0,
          429496.7295,
          429496.7295,
          429496.7295,
          429496.7295,
          429496.7295
        ],
        "States": [
          0,
          1,
          2,
          4,
          7
        ],
        "TrialSentTimestamp": 1557610651.869419,
        "TrialStartTimestamp": 11.297
      }
    },
    {
      "rawData": {
        "EventTimestamps": [
          429496.7295,
          429496.7295,
          429496.7295,
          429496.7295,
          429496.7295,
          429496.7295,
          429496.7295,
          429496.7295
        ],
        "Events": [
          72,
          73,
          70,
          108,
          108,
          71,
          72,
          108
        ],
        "StateTimestamps": [
          0,
          429496.7295,
          429496.7295,
          429496.7295,
          429496.7295,
          429496.7295
        ],
        "States": [
          0,
          1,
          2,
          4,
          7
        ],
        "TrialSentTimestamp": 1557611395.488971,
        "TrialStartTimestamp": 754.889
      }
    }
  ],
  "rawEvents": {
    "Trial": [
      {
        "Trial": {
          "Events": {
            "Port2In": [
              429496.7295,
              429496.7295
            ],
            "Port2Out": [
              429496.7295,
              429496.7295
            ],
            "Tup": [
              429496.7295
            ]
          },
          "States": {
            "CenterClick": [
              [
                NaN,
                NaN
              ]
            ],
            "EarlyRelease": [
              [
                429496.7295,
                429496.7295
              ]
            ],
            "NoRewardLeft": [
              [
                NaN,
                NaN
              ]
            ],
            "NoRewardRight": [
              [
                NaN,
                NaN
              ]
            ],
            "Poked": [
              [
                429496.7295,
                429496.7295
              ]
            ],
            "RewardLeft": [
              [
                NaN,
                NaN
              ]
            ],
            "RewardRight": [
              [
                NaN,
                NaN
              ]
            ],
            "WaitForChoice": [
              [
                NaN,
                NaN
              ]
            ],
            "WaitForInit": [
              [
                0,
                429496.7295
              ]
            ]
          }
        }
      },
      {
        "Trial": {
          "Events": {
            "Port2In": [
              429496.7295,
              429496.7295
            ],
            "Port2Out": [
              429496.7295,
              429496.7295
            ],
            "Port3In": [
              429496.7295
            ],
            "Port3Out": [
              429496.7295
            ],
            "Tup": [
              429496.7295
            ]
          },
          "States": {
            "CenterClick": [
              [
                NaN,
                NaN
              ]
            ],
            "EarlyRelease": [
              [
                429496.7295,
                429496.7295
              ]
            ],
            "NoRewardLeft": [
              [
                NaN,
                NaN
              ]
            ],
            "NoRewardRight": [
              [
                NaN,
                NaN
              ]
            ],
            "Poked": [
              [
                429496.7295,
                429496.7295
              ]
            ],
            "RewardLeft": [
              [
                NaN,
                NaN
              ]
            ],
            "RewardRight": [
              [
                NaN,
                NaN
              ]
            ],
            "WaitForChoice": [
              [
                NaN,
                NaN
              ]
            ],
            "WaitForInit": [
              [
                0,
                429496.7295
              ]
            ]
          }
        }
      },
      {
        "Trial": {
          "Events": {
            "Port2In": [
              429496.7295,
              429496.7295,
              429496.7295,
              429496.7295
            ],
            "Port2Out": [
              429496.7295,
              429496.7295,
              429496.7295,
              429496.7295
            ],
            "Port3In": [
              429496.7295,
              429496.7295
            ],
            "Port3Out": [
              429496.7295
            ],
            "Tup": [
              429496.7295,
              429496.7295,
              429496.7295
            ]
          },
          "States": {
            "CenterClick": [
              [
                429496.7295,
                429496.7295
              ]
            ],
            "EarlyRelease": [
              [
                NaN,
                NaN
              ]
            ],
            "NoRewardLeft": [
              [
                NaN,
                NaN
              ]
            ],
            "NoRewardRight": [
              [
                NaN,
                NaN
              ]
            ],
            "Poked": [
              [
                429496.7295,
                429496.7295
              ]
            ],