{
  "Settings": {
    "Block Lengths": [
      4
    ],
    "Block Types": [
      "10:50"
    ],
    "Hold Time (ms)": 400,
    "Left Amount (ul)": 4,
    "Left Rewards": [
      false,
      false,
      false,
      false
    ],
    "Random Numbers": [
      0.3859715628569075,
      0.6987269285360889,
      0.1989890521616191,
      0.3969096681452453
    ],
    "Right Amount (ul)": 4,
    "Right Rewards": [
      true,
      false,
      true,
      true
    ],
    "Session Duration (min)": 10,
    "Timeout (s)": 2,
    "nTrials": 4
  },
  "info": {
    "BpodFirmwareVersion": 16
  },
  "nTrials": 3,
  "rawData": [
    {
      "rawData": {
        "EventTimestamps": [
          429496.7295,
          429496.7295,
          429496.7295,
          429496.7295,
          429496.7295,
          429496.7295,
          429496.7295,
          429496.7295,
          429496.7295,
          429496.7295
        ],
        "Events": [
          72,
          73,
          70,
          71,
          70,
          71,
          72,
          73,
          72,
          108
        ],
        "StateTimestamps": [
          0,
          429496.7295,
          429496.7295,
          429496.7295
        ],
        "States": [
          0,
          4,
          7
        ],
        "TrialSentTimestamp": 1556857662.057528,
        "TrialStartTimestamp": 0.155
      }
    },
    {
      "rawData": {
        "EventTimestamps": [
          429496.7295,
          429496.7295,
          429496.7295,
          429496.7295,
          429496.7295,
          429496.7295,
          429496.7295,
          429496.7295,
          429496.7295,
          429496.7295,
          429496.7295,
          429496.7295,
          429496.7295,
          429496.7295,
          429496.7295,
          429496.7295,
          429496.7295,
          429496.7295,
          429496.7295,
          429496.7295,
          429496.7295,
          429496.7295,
          429496.7295,
          429496.7295,
          429496.7295
        ],
        "Events": [
          73,
          72,
          73,
          72,
          73,
          72,
          73,
          72,
          73,
          72,
          73,
          72,
          73,
          72,
          73,
          72,
          73,
          72,
          73,
          72,
          73,
          70,
          71,
          72,
          108
        ],
        "StateTimestamps": [
          0,
          429496.7295,
          429496.7295,
          429496.7295
        ],
        "States": [
          0,
          4,
          8
        ],
        "TrialSentTimestamp": 1556857934.903627,
        "TrialStartTimestamp": 272.995
      }
    },
    {
      "rawData": {
        "EventTimestamps": [
          429496.7295,
          429496.7295,
          429496.7295,
          429496.7295,
          429496.7295
        ],
        "Events": [
          73,
          70,
          71,
          68,
          108
        ],
        "StateTimestamps": [
          0,
          429496.7295,
          429496.7295,
          429496.7295
        ],
        "States": [
          0,
          4,
          6
        ],
        "TrialSentTimestamp": 1556857987.046317,
        "TrialStartTimestamp": 325.136
      }
    }
  ],
  "rawEvents": {
    "Trial": [
      {
        "Trial": {
          "Events": {
            "Port2In": [
              429496.7295,
              429496.7295
            ],
            "Port2Out": [
              429496.7295,
              429496.7295
            ],
            "Port3In": [
              429496.7295,
              429496.7295,
              429496.7295
            ],
            "Port3Out": [
              429496.7295,
              429496.7295
            ],
            "Tup": [
              429496.7295
            ]
          },
          "States": {
            "CenterClick": [
              [
                NaN,
                NaN
              ]
            ],
            "EarlyRelease": [
              [
                NaN,
                NaN
              ]
            ],
            "NoRewardLeft": [
              [
                NaN,
                NaN
              ]
            ],
            "NoRewardRight": [
              [
                NaN,
                NaN
              ]
            ],
            "Poked": [
              [
                NaN,
                NaN
              ]
            ],
            "RewardLeft": [
              [
                NaN,
                NaN
              ]
            ],
            "RewardRight": [
              [
                429496.7295,
                429496.7295
              ]
            ],
            "WaitForChoice": [
              [
                429496.7295,
                429496.7295
              ]
            ],
            "WaitForInit": [
              [
                0,
                429496.7295
              ]
            ]
          }
        }
      },
      {
        "Trial": {
          "Events": {
            "Port2In": [
              429496.7295
            ],
            "Port2Out": [
              429496.7295
            ],
            "Port3In": [
              429496.7295,
              429496.7295,
              429496.7295,
              429496.7295,
              429496.7295,
              429496.7295,
              429496.7295,
              429496.7295,
              429496.7295,
              429496.7295,
              429496.7295
            ],
            "Port3Out": [
              429496.7295,
              429496.7295,
              429496.7295,
              429496.7295,
              429496.7295,
              429496.7295,
              429496.7295,
              429496.7295,
              429496.7295,
              429496.7295,
              429496.7295
            ],
            "Tup": [
              429496.7295
            ]
          },
          "States": {
            "CenterClick": [
              [
                NaN,
                NaN
              ]
            ],
            "EarlyRelease": [
              [
                NaN,
                NaN
              ]
            ],
            "NoRewardLeft": [
              [
                NaN,
                NaN
              ]
            ],
            "NoRewardRight": [
              [
                429496.7295,
                429496.7295
              ]
            ],
            "Poked": [
              [
                NaN,
                NaN
              ]
            ],
            "RewardLeft": [
              [
                NaN,
                NaN
              ]
            ],
            "RewardRight": [
              [
                NaN,
                NaN
              ]
            ],
            "WaitForChoice": [
              [
                429496.7295,
                429496.7295
              ]
            ],
            "WaitForInit": [
              [
                0,
                429496.7295
              ]
            ]
          }
        }
      },
      {
        "Trial": {
          "Events": {
            "Port1In": [
              429496.7295
            ],
            "Port2In": [
              429496.7295
            ],
            "Port2Out": [
              429496.7295
            ],
            "Port3Out": [
              429496.7295
            ],
            "Tup": [
              429496.7295
            ]
          },
          "States": {
            "CenterClick": [
              [
                NaN,
                NaN
              ]
            ],
            "EarlyRelease": [
              [
                NaN,
                NaN
              ]
            ],
            "NoRewardLeft": [
              [
                429496.7295,
                429496.7295
              ]
            ],
            "NoRewardRight": [
              [
                NaN,
                NaN
              ]
            ],