{
  "Settings": {
    "Block Lengths": [
      9
    ],
    "Block Types": [
      "90:50"
    ],
    "Left Amount (ul)": 6,
    "Left Rewards": [
      true,
      true,
      true,
      true,
      true,
      true,
      true,
      true,
      true
    ],
    "Random Numbers": [
      0.8774381740540036,
      0.6254231993706412,
      0.6375800271221811,
      0.1479519468710867,
      0.3175970964261722,
      0.464679066651669,
      0.4059593718498078,
      0.44982411662137545,
      0.030764401069660385
    ],
    "Right Amount (ul)": 6,
    "Right Rewards": [
      false,
      false,
      false,
      true,
      true,
      true,
      true,
      true,
      true
    ],
    "Session Duration (min)": 10,
    "nTrials": 9
  },
  "info": {
    "BpodFirmwareVersion": 16
  },
  "nTrials": 8,
  "rawData": [
    {
      "rawData": {
        "EventTimestamps": [
          429496.7295,
          429496.7295,
          429496.7295,
          429496.7295,
          429496.7295,
          429496.7295,
          429496.7295,
          429496.7295
        ],
        "Events": [
          72,
          73,
          72,
          73,
          70,
          71,
          72,
          108
        ],
        "StateTimestamps": [
          0,
          429496.7295,
          429496.7295,
          429496.7295
        ],
        "States": [
          0,
          1,
          5
        ],
        "TrialSentTimestamp": 1555400494.607839,
        "TrialStartTimestamp": 0.129
      }
    },
    {
      "rawData": {
        "EventTimestamps": [
          429496.7295,
          429496.7295,
          429496.7295,
          429496.7295,
          429496.7295,
          429496.7295,
          429496.7295,
          429496.7295,
          429496.7295,
          429496.7295,
          429496.7295
        ],
        "Events": [
          73,
          68,
          69,
          68,
          69,
          68,
          69,
          70,
          71,
          72,
          108
        ],
        "StateTimestamps": [
          0,
          429496.7295,
          429496.7295,
          429496.7295
        ],
        "States": [
          0,
          1,
          5
        ],
        "TrialSentTimestamp": 1555400498.5356,
        "TrialStartTimestamp": 4.056
      }
    },
    {
      "rawData": {
        "EventTimestamps": [
          429496.7295,
          429496.7295,
          429496.7295,
          429496.7295,
          429496.7295,
          429496.7295,
          429496.7295
        ],
        "Events": [
          73,
          70,
          71,
          70,
          71,
          72,
          108
        ],
        "StateTimestamps": [
          0,
          429496.7295,
          429496.7295,
          429496.7295
        ],
        "States": [
          0,
          1,
          5
        ],
        "TrialSentTimestamp": 1555400507.445136,
        "TrialStartTimestamp": 12.964
      }
    },
    {
      "rawData": {
        "EventTimestamps": [
          429496.7295,
          429496.7295,
          429496.7295,
          429496.7295,
          429496.7295
        ],
        "Events": [
          73,
          70,
          71,
          68,
          108
        ],
        "StateTimestamps": [
          0,
          429496.7295,
          429496.7295,
          429496.7295
        ],
        "States": [
          0,
          1,
          2
        ],
        "TrialSentTimestamp": 1555400508.88711,
        "TrialStartTimestamp": 14.405
      }
    },
    {
      "rawData": {
        "EventTimestamps": [
          429496.7295,
          429496.7295,
          429496.7295,
          429496.7295,
          429496.7295,
          429496.7295,
          429496.7295,
          429496.7295,
          429496.7295,
          429496.7295,
          429496.7295,
          429496.7295,
          429496.7295,
          429496.7295,
          429496.7295,
          429496.7295,
          429496.7295,
          429496.7295,
          429496.7295,
          429496.7295,
          429496.7295,
          429496.7295,
          429496.7295,
          429496.7295,
          429496.7295,
          429496.7295,
          429496.7295,
          429496.7295,
          429496.7295
        ],
        "Events": [
          69,
          72,
          73,
          68,
          69,
          72,
          73,
          72,
          73,
          72,
          73,
          72,
          73,
          68,
          69,
          68,
          69,
          72,
          73,
          72,
          73,
          72,
          73,
          72,
          73,
          70,
          71,
          72,
          108
        ],
        "StateTimestamps": [
          0,
          429496.7295,
          429496.7295,
          429496.7295
        ],
        "States": [
          0,
          1,
          4
        ],
        "TrialSentTimestamp": 1555400509.836835,
        "TrialStartTimestamp": 15.354
      }
    },
    {
      "rawData": {
        "EventTimestamps": [
          429496.7295,
          429496.7295,
          429496.7295,
          429496.7295,
          429496.7295,
          429496.7295,
          429496.7295,
          429496.7295,
          429496.7295,
          429496.7295,
          429496.7295
        ],
        "Events": [
          73,
          72,
          73,
          70,
          71,
          70,
          71,
          70,
          71,
          72,
          108
        ],
        "StateTimestamps": [
          0,
          429496.7295,
          429496.7295,
          429496.7295
        ],
        "States": [
          0,
          1,
          4
        ],
        "TrialSentTimestamp": 1555400526.836083,
        "TrialStartTimestamp": 32.351
      }
    },
    {
      "rawData": {
        "EventTimestamps": [
          429496.7295,
          429496.7295,
          429496.7295,
          429496.7295,
          429496.7295,
          429496.7295,
          429496.7295,
          429496.7295,
          429496.7295
        ],
        "Events": [
          73,
          72,
          73,
          70,
          71,
          70,
          71,
          72,
          108
        ],
        "StateTimestamps": [
          0,
          429496.7295,
          429496.7295,
          429496.7295
        ],
        "States": [
          0,
          1,
          4
        ],
        "TrialSentTimestamp": 1555400531.389144,
        "TrialStartTimestamp": 36.903
      }
    },
    {
      "rawData": {
        "EventTimestamps": [
          429496.7295,
          429496.7295,
          429496.7295,
          429496.7295,
          429496.7295,
          429496.7295,
          429496.7295
        ],
        "Events": [
          73,
          72,
          73,
          70,
          71,
          72,
          108
        ],
        "StateTimestamps": [
          0,
          429496.7295,
          429496.7295,
          429496.7295
        ],
        "States": [
          0,
          1,
          4
        ],
        "TrialSentTimestamp": 1555400541.028293,
        "TrialStartTimestamp": 46.54
      }
    }
  ],
  "rawEvents": {
    "Trial": [
      {
        "Trial": {
          "Events": {
            "Port2In": [
              429496.7295
            ],
            "Port2Out": [
              429496.7295
            ],
            "Port3In": [
              429496.7295,
              429496.7295,
              429496.7295
            ],
            "Port3Out": [
              429496.7295,
              429496.7295
            ],
            "Tup": [
              429496.7295
            ]
          },
          "States": {
            "NoRewardLeft": [
              [
                NaN,
                NaN
              ]
            ],
            "NoRewardRight": [
              [
                429496.7295,
                429496.7295
              ]
            ],