{
  "Settings": {
    "Hold Time (ms)": 400,
    "Left Rewards": 1,
    "Reward Amount (ul)": 2,
    "Rewards": 2,
    "Right Rewards": 1,
    "Session Duration (min)": 5,
    "Timeout (s)": 1,
    "nTrials": 2
  },
  "info": {
    "BpodFirmwareVersion": 16
  },
  "nTrials": 2,
  "rawData": [
    {
      "rawData": {
        "EventTimestamps": [
          429496.7295,
          429496.7295,
          429496.7295,
          429496.7295,
          429496.7295,
          429496.7295,
          429496.7295,
          429496.7295,
          429496.7295
        ],
        "Events": [
          70,
          108,
          108,
          71,
          70,
          71,
          68,
          69,
          108
        ],
        "StateTimestamps": [
          0,
          429496.7295,
          429496.7295,
          429496.7295,
          429496.7295,
          429496.7295
        ],
        "States": [
          0,
          1,
          3,
          4,
          5
        ],
        "TrialSentTimestamp": 1556862717.73883,
        "TrialStartTimestamp": 0.117
      }
    },
    {
      "rawData": {
        "EventTimestamps": [
          429496.7295,
          429496.7295,
          429496.7295,
          429496.7295,
          429496.7295,
          429496.7295,
          429496.7295,
          429496.7295,
          429496.7295,
          429496.7295,
          429496.7295,
          429496.7295,
          429496.7295,
          429496.7295,
          429496.7295
        ],
        "Events": [
          68,
          69,
          70,
          108,
          108,
          71,
          70,
          71,
          70,
          71,
          70,
          71,
          72,
          73,
          108
        ],
        "StateTimestamps": [
          0,
          429496.7295,
          429496.7295,
          429496.7295,
          429496.7295,
          429496.7295
        ],
        "States": [
          0,
          1,
          3,
          4,
          6
        ],
        "TrialSentTimestamp": 1556862723.023973,
        "TrialStartTimestamp": 5.401
      }
    }
  ],
  "rawEvents": {
    "Trial": [
      {
        "Trial": {
          "Events": {
            "Port1In": [
              429496.7295
            ],
            "Port1Out": [
              429496.7295
            ],
            "Port2In": [
              429496.7295,
              429496.7295
            ],
            "Port2Out": [
              429496.7295,
              429496.7295
            ],
            "Tup": [
              429496.7295,
              429496.7295,
              429496.7295
            ]
          },
          "States": {
            "EarlyRelease": [
              [
                NaN,
                NaN
              ]
            ],
            "ExitPause": [
              [
                NaN,
                NaN
              ]
            ],
            "Poked": [
              [
                429496.7295,
                429496.7295
              ]
            ],
            "RewardCenter": [
              [
                429496.7295,
                429496.7295
              ]
            ],
            "RewardLeft": [
              [
                429496.7295,
                429496.7295
              ]
            ],
            "RewardRight": [
              [
                NaN,
                NaN
              ]
            ],
            "WaitForChoice": [
              [
                429496.7295,
                429496.7295
              ]
            ],
            "WaitForPoke": [
              [
                0,
                429496.7295
              ]
            ]
          }
        }
      },
      {
        "Trial": {
          "Events": {
            "Port1In": [
              429496.7295
            ],
            "Port1Out": [
              429496.7295
            ],
            "Port2In": [
              429496.7295,
              429496.7295,
              429496.7295,
              429496.7295
            ],
            "Port2Out": [
              429496.7295,
              429496.7295,
              429496.7295,
              429496.7295
            ],
            "Port3In": [
              429496.7295
            ],
            "Port3Out": [
              429496.7295
            ],
            "Tup": [
              429496.7295,
              429496.7295,
              429496.7295
            ]
          },
          "States": {
            "EarlyRelease": [
              [
                NaN,
                NaN
              ]
            ],
            "ExitPause": [
              [
                NaN,
                NaN
              ]
            ],
            "Poked": [
              [
                429496.7295,
                429496.7295
              ]
            ],
            "RewardCenter": [
              [
                429496.7295,
                429496.7295
              ]
            ],
            "RewardLeft": [
              [
                NaN,
                NaN
              ]
            ],
            "RewardRight": [
              [
                429496.7295,
                429496.7295
              ]
            ],
            "WaitForChoice": [
              [
                429496.7295,
                429496.7295
              ]
            ],
            "WaitForPoke": [
              [
                0,
                429496.7295
              ]
            ]
          }
        }
      }
    ]
  },
  "sessionDateTime": "2019-05-02T22:51:57.522428",
  "sessionStartTime": "2019-05-02 22:51:57.522428",
  "trialSentTimestamp": [
    1556862717.73883,
    1556862723.023973
  ],
  "trialStartTimestamp": [
    0.117,
    5.401
  ]
}
