{
  "Settings": {
    "Hold Time (ms)": 400,
    "Left Rewards": 2,
    "Reward Amount (ul)": 2,
    "Rewards": 2,
    "Right Rewards": 0,
    "Session Duration (min)": 5,
    "Timeout (s)": 1,
    "nTrials": 6
  },
  "info": {
    "BpodFirmwareVersion": 16
  },
  "nTrials": 6,
  "rawData": [
    {
      "rawData": {
        "EventTimestamps": [
          429496.7295,
          429496.7295,
          429496.7295,
          429496.7295,
          429496.7295,
          429496.7295,
          429496.7295,
          429496.7295,
          429496.7295,
          429496.7295,
          429496.7295,
          429496.7295,
          429496.7295,
          429496.7295,
          429496.7295
        ],
        "Events": [
          68,
          69,
          72,
          73,
          72,
          73,
          70,
          108,
          71,
          108,
          70,
          71,
          68,
          69,
          108
        ],
        "StateTimestamps": [
          0,
          429496.7295,
          429496.7295,
          429496.7295,
          429496.7295,
          429496.7295
        ],
        "States": [
          0,
          1,
          3,
          4,
          5
        ],
        "TrialSentTimestamp": 1556864206.179858,
        "TrialStartTimestamp": 0.123
      }
    },
    {
      "rawData": {
        "EventTimestamps": [
          429496.7295,
          429496.7295,
          429496.7295,
          429496.7295,
          429496.7295,
          429496.7295,
          429496.7295,
          429496.7295,
          429496.7295
        ],
        "Events": [
          68,
          69,
          72,
          73,
          70,
          71,
          68,
          69,
          108
        ],
        "StateTimestamps": [
          0,
          429496.7295,
          429496.7295,
          429496.7295
        ],
        "States": [
          0,
          1,
          2
        ],
        "TrialSentTimestamp": 1556864329.916642,
        "TrialStartTimestamp": 123.857
      }
    },
    {
      "rawData": {
        "EventTimestamps": [
          429496.7295,
          429496.7295,
          429496.7295
        ],
        "Events": [
          70,
          71,
          108
        ],
        "StateTimestamps": [
          0,
          429496.7295,
          429496.7295,
          429496.7295
        ],
        "States": [
          0,
          1,
          2
        ],
        "TrialSentTimestamp": 1556864345.584622,
        "TrialStartTimestamp": 139.524
      }
    },
    {
      "rawData": {
        "EventTimestamps": [
          429496.7295,
          429496.7295,
          429496.7295,
          429496.7295,
          429496.7295,
          429496.7295,
          429496.7295
        ],
        "Events": [
          72,
          73,
          70,
          71,
          68,
          69,
          108
        ],
        "StateTimestamps": [
          0,
          429496.7295,
          429496.7295,
          429496.7295
        ],
        "States": [
          0,
          1,
          2
        ],
        "TrialSentTimestamp": 1556864359.024721,
        "TrialStartTimestamp": 152.963
      }
    },
    {
      "rawData": {
        "EventTimestamps": [
          429496.7295,
          429496.7295,
          429496.7295,
          429496.7295,
          429496.7295,
          429496.7295,
          429496.7295,
          429496.7295
        ],
        "Events": [
          72,
          73,
          70,
          108,
          108,
          71,
          68,
          108
        ],
        "StateTimestamps": [
          0,
          429496.7295,
          429496.7295,
          429496.7295,
          429496.7295,
          429496.7295
        ],
        "States": [
          0,
          1,
          3,
          4,
          5
        ],
        "TrialSentTimestamp": 1556864381.191566,
        "TrialStartTimestamp": 175.128
      }
    },
    {
      "rawData": {
        "EventTimestamps": [
          429496.7295,
          429496.7295,
          429496.7295,
          429496.7295,
          429496.7295,
          429496.7295
        ],
        "Events": [
          69,
          72,
          73,
          70,
          71,
          108
        ],
        "StateTimestamps": [
          0,
          429496.7295,
          429496.7295,
          429496.7295
        ],
        "States": [
          0,
          1,
          2
        ],
        "TrialSentTimestamp": 1556864409.721738,
        "TrialStartTimestamp": 203.657
      }
    }
  ],
  "rawEvents": {
    "Trial": [
      {
        "Trial": {
          "Events": {
            "Port1In": [
              429496.7295,
              429496.7295
            ],
            "Port1Out": [
              429496.7295,
              429496.7295
            ],
            "Port2In": [
              429496.7295,
              429496.7295
            ],
            "Port2Out": [
              429496.7295,
              429496.7295
            ],
            "Port3In": [
              429496.7295,
              429496.7295
            ],
            "Port3Out": [
              429496.7295,
              429496.7295
            ],
            "Tup": [
              429496.7295,
              429496.7295,
              429496.7295
            ]
          },
          "States": {
            "EarlyRelease": [
              [
                NaN,
                NaN
              ]
            ],
            "ExitPause": [
              [
                NaN,
                NaN
              ]
            ],
            "Poked": [
              [
                429496.7295,
                429496.7295
              ]
            ],
            "RewardCenter": [
              [
                429496.7295,
                429496.7295
              ]
            ],
            "RewardLeft": [
              [
                429496.7295,
                429496.7295
              ]
            ],
            "RewardRight": [
              [
                NaN,
                NaN
              ]
            ],
            "WaitForChoice": [
              [
                429496.7295,
                429496.7295
              ]
            ],
            "WaitForPoke": [
              [
                0,
                429496.7295
              ]
            ]
          }
        }
      },
      {
        "Trial": {
          "Events": {
            "Port1In": [
              429496.7295,
              429496.7295
            ],
            "Port1Out": [
              429496.7295,
              429496.7295
            ],
            "Port2In": [
              429496.7295
            ],
            "Port2Out": [
              429496.7295
            ],
            "Port3In": [
              429496.7295
            ],
            "Port3Out": [
              429496.7295
            ],
            "Tup": [
              429496.7295
            ]
          },
          "States": {
            "EarlyRelease": [
              [
                429496.7295,
                429496.7295
              ]
            ],
            "ExitPause": [
              [
                NaN,
                NaN
              ]
            ],
            "Poked": [
              [
                429496.7295,
                429496.7295
              ]
            ],
            "RewardCenter": [
              [
                NaN,
                NaN
              ]
            ],
            "RewardLeft": [
              [
                NaN,
                NaN
              ]
            ],
            "RewardRight": [
              [
                NaN,
                NaN
              ]
            ],
            "WaitForChoice": [
              [
                NaN,
                NaN
              ]
            ],