{
  "Settings": {
    "Hold Time (ms)": 400,
    "Left Rewards": 4,
    "Reward Amount (ul)": 2,
    "Rewards": 4,
    "Right Rewards": 0,
    "Session Duration (min)": 5,
    "Timeout (s)": 1,
    "nTrials": 6
  },
  "info": {
    "BpodFirmwareVersion": 16
  },
  "nTrials": 6,
  "rawData": [
    {
      "rawData": {
        "EventTimestamps": [
          429496.7295,
          429496.7295,
          429496.7295,
          429496.7295,
          429496.7295,
          429496.7295,
          429496.7295,
          429496.7295,
          429496.7295,
          429496.7295,
          429496.7295,
          429496.7295,
          429496.7295
        ],
        "Events": [
          72,
          73,
          70,
          108,
          71,
          108,
          70,
          71,
          70,
          71,
          68,
          69,
          108
        ],
        "StateTimestamps": [
          0,
          429496.7295,
          429496.7295,
          429496.7295,
          429496.7295,
          429496.7295
        ],
        "States": [
          0,
          1,
          3,
          4,
          5
        ],
        "TrialSentTimestamp": 1556865268.198363,
        "TrialStartTimestamp": 0.118
      }
    },
    {
      "rawData": {
        "EventTimestamps": [
          429496.7295,
          429496.7295,
          429496.7295,
          429496.7295,
          429496.7295,
          429496.7295,
          429496.7295,
          429496.7295,
          429496.7295,
          429496.7295,
          429496.7295,
          429496.7295,
          429496.7295
        ],
        "Events": [
          68,
          69,
          68,
          69,
          70,
          108,
          108,
          71,
          70,
          71,
          68,
          69,
          108
        ],
        "StateTimestamps": [
          0,
          429496.7295,
          429496.7295,
          429496.7295,
          429496.7295,
          429496.7295
        ],
        "States": [
          0,
          1,
          3,
          4,
          5
        ],
        "TrialSentTimestamp": 1556865305.07073,
        "TrialStartTimestamp": 36.989
      }
    },
    {
      "rawData": {
        "EventTimestamps": [
          429496.7295,
          429496.7295,
          429496.7295,
          429496.7295,
          429496.7295,
          429496.7295,
          429496.7295,
          429496.7295,
          429496.7295,
          429496.7295,
          429496.7295,
          429496.7295,
          429496.7295
        ],
        "Events": [
          68,
          69,
          68,
          69,
          70,
          108,
          108,
          71,
          70,
          71,
          68,
          69,
          108
        ],
        "StateTimestamps": [
          0,
          429496.7295,
          429496.7295,
          429496.7295,
          429496.7295,
          429496.7295
        ],
        "States": [
          0,
          1,
          3,
          4,
          5
        ],
        "TrialSentTimestamp": 1556865318.495754,
        "TrialStartTimestamp": 50.413
      }
    },
    {
      "rawData": {
        "EventTimestamps": [
          429496.7295,
          429496.7295,
          429496.7295,
          429496.7295,
          429496.7295,
          429496.7295,
          429496.7295,
          429496.7295,
          429496.7295,
          429496.7295,
          429496.7295,
          429496.7295,
          429496.7295,
          429496.7295,
          429496.7295
        ],
        "Events": [
          68,
          69,
          68,
          69,
          72,
          73,
          70,
          108,
          108,
          71,
          70,
          71,
          68,
          69,
          108
        ],
        "StateTimestamps": [
          0,
          429496.7295,
          429496.7295,
          429496.7295,
          429496.7295,
          429496.7295
        ],
        "States": [
          0,
          1,
          3,
          4,
          5
        ],
        "TrialSentTimestamp": 1556865333.579518,
        "TrialStartTimestamp": 65.496
      }
    },
    {
      "rawData": {
        "EventTimestamps": [
          429496.7295,
          429496.7295,
          429496.7295,
          429496.7295,
          429496.7295
        ],
        "Events": [
          68,
          69,
          70,
          71,
          108
        ],
        "StateTimestamps": [
          0,
          429496.7295,
          429496.7295,
          429496.7295
        ],
        "States": [
          0,
          1,
          2
        ],
        "TrialSentTimestamp": 1556865345.589656,
        "TrialStartTimestamp": 77.505
      }
    },
    {
      "rawData": {
        "EventTimestamps": [
          429496.7295,
          429496.7295,
          429496.7295,
          429496.7295,
          429496.7295,
          429496.7295,
          429496.7295
        ],
        "Events": [
          68,
          69,
          68,
          69,
          70,
          71,
          108
        ],
        "StateTimestamps": [
          0,
          429496.7295,
          429496.7295,
          429496.7295
        ],
        "States": [
          0,
          1,
          2
        ],
        "TrialSentTimestamp": 1556865348.536492,
        "TrialStartTimestamp": 80.452
      }
    }
  ],
  "rawEvents": {
    "Trial": [
      {
        "Trial": {
          "Events": {
            "Port1In": [
              429496.7295
            ],
            "Port1Out": [
              429496.7295
            ],
            "Port2In": [
              429496.7295,
              429496.7295,
              429496.7295
            ],
            "Port2Out": [
              429496.7295,
              429496.7295,
              429496.7295
            ],
            "Port3In": [
              429496.7295
            ],
            "Port3Out": [
              429496.7295
            ],
            "Tup": [
              429496.7295,
              429496.7295,
              429496.7295
            ]
          },
          "States": {
            "EarlyRelease": [
              [
                NaN,
                NaN
              ]
            ],
            "ExitPause": [
              [
                NaN,
                NaN
              ]
            ],
            "Poked": [
              [
                429496.7295,
                429496.7295
              ]
            ],
            "RewardCenter": [
              [
                429496.7295,
                429496.7295
              ]
            ],
            "RewardLeft": [
              [
                429496.7295,
                429496.7295
              ]
            ],
            "RewardRight": [
              [
                NaN,
                NaN
              ]
            ],
            "WaitForChoice": [
              [
                429496.7295,
                429496.7295
              ]
            ],
            "WaitForPoke": [
              [
                0,
                429496.7295
              ]
            ]
          }
        }
      },
      {
        "Trial": {
          "Events": {
            "Port1In": [
              429496.7295,
              429496.7295,
              429496.7295
            ],
            "Port1Out": [
              429496.7295,
              429496.7295,
              429496.7295
            ],
            "Port2In": [
              429496.7295,
              429496.7295
            ],
            "Port2Out": [
              429496.7295,
              429496.7295
            ],
            "Tup": [
              429496.7295,
              429496.7295,
              429496.7295
            ]
          },
          "States": {
            "EarlyRelease": [
              [
                NaN,
                NaN
              ]
            ],
            "ExitPause": [
              [
                NaN,
                NaN
              ]
            ],