{
  "Settings": {
    "Hold Time (ms)": 450,
    "Left Rewards": 1,
    "Reward Amount (ul)": 2,
    "Rewards": 1,
    "Right Rewards": 0,
    "Session Duration (min)": 5,
    "Timeout (s)": 1,
    "nTrials": 3
  },
  "info": {
    "BpodFirmwareVersion": 16
  },
  "nTrials": 3,
  "rawData": [
    {
      "rawData": {
        "EventTimestamps": [
          429496.7295,
          429496.7295,
          429496.7295,
          429496.7295,
          429496.7295
        ],
        "Events": [
          70,
          71,
          72,
          73,
          108
        ],
        "StateTimestamps": [
          0,
          429496.7295,
          429496.7295,
          429496.7295
        ],
        "States": [
          0,
          1,
          2
        ],
        "TrialSentTimestamp": 1557288099.31043,
        "TrialStartTimestamp": 0.141
      }
    },
    {
      "rawData": {
        "EventTimestamps": [
          429496.7295,
          429496.7295,
          429496.7295,
          429496.7295,
          429496.7295
        ],
        "Events": [
          70,
          71,
          68,
          69,
          108
        ],
        "StateTimestamps": [
          0,
          429496.7295,
          429496.7295,
          429496.7295
        ],
        "States": [
          0,
          1,
          2
        ],
        "TrialSentTimestamp": 1557288113.201274,
        "TrialStartTimestamp": 14.029
      }
    },
    {
      "rawData": {
        "EventTimestamps": [
          429496.7295,
          429496.7295,
          429496.7295,
          429496.7295,
          429496.7295,
          429496.7295,
          429496.7295,
          429496.7295,
          429496.7295,
          429496.7295
        ],
        "Events": [
          72,
          73,
          70,
          108,
          108,
          71,
          68,
          69,
          68,
          108
        ],
        "StateTimestamps": [
          0,
          429496.7295,
          429496.7295,
          429496.7295,
          429496.7295,
          429496.7295
        ],
        "States": [
          0,
          1,
          3,
          4,
          5
        ],
        "TrialSentTimestamp": 1557288114.897222,
        "TrialStartTimestamp": 15.724
      }
    }
  ],
  "rawEvents": {
    "Trial": [
      {
        "Trial": {
          "Events": {
            "Port2In": [
              429496.7295
            ],
            "Port2Out": [
              429496.7295
            ],
            "Port3In": [
              429496.7295
            ],
            "Port3Out": [
              429496.7295
            ],
            "Tup": [
              429496.7295
            ]
          },
          "States": {
            "EarlyRelease": [
              [
                429496.7295,
                429496.7295
              ]
            ],
            "ExitPause": [
              [
                NaN,
                NaN
              ]
            ],
            "Poked": [
              [
                429496.7295,
                429496.7295
              ]
            ],
            "RewardCenter": [
              [
                NaN,
                NaN
              ]
            ],
            "RewardLeft": [
              [
                NaN,
                NaN
              ]
            ],
            "RewardRight": [
              [
                NaN,
                NaN
              ]
            ],
            "WaitForChoice": [
              [
                NaN,
                NaN
              ]
            ],
            "WaitForPoke": [
              [
                0,
                429496.7295
              ]
            ]
          }
        }
      },
      {
        "Trial": {
          "Events": {
            "Port1In": [
              429496.7295
            ],
            "Port1Out": [
              429496.7295
            ],
            "Port2In": [
              429496.7295
            ],
            "Port2Out": [
              429496.7295
            ],
            "Tup": [
              429496.7295
            ]
          },
          "States": {
            "EarlyRelease": [
              [
                429496.7295,
                429496.7295
              ]
            ],
            "ExitPause": [
              [
                NaN,
                NaN
              ]
            ],
            "Poked": [
              [
                429496.7295,
                429496.7295
              ]
            ],
            "RewardCenter": [
              [
                NaN,
                NaN
              ]
            ],
            "RewardLeft": [
              [
                NaN,
                NaN
              ]
            ],
            "RewardRight": [
              [
                NaN,
                NaN
              ]
            ],
            "WaitForChoice": [
              [
                NaN,
                NaN
              ]
            ],
            "WaitForPoke": [
              [
                0,
                429496.7295
              ]
            ]
          }
        }
      },
      {
        "Trial": {
          "Events": {
            "Port1In": [
              429496.7295,
              429496.7295
            ],
            "Port1Out": [
              429496.7295
            ],
            "Port2In": [
              429496.7295
            ],
            "Port2Out": [
              429496.7295
            ],
            "Port3In": [
              429496.7295
            ],
            "Port3Out": [
              429496.7295
            ],
            "Tup": [
              429496.7295,
              429496.7295,
              429496.7295
            ]
          },
          "States": {
            "EarlyRelease": [
              [
                NaN,
                NaN
              ]
            ],
            "ExitPause": [
              [
                NaN,
                NaN
              ]
            ],
            "Poked": [
              [
                429496.7295,
                429496.7295
              ]
            ],
            "RewardCenter": [
              [
                429496.7295,
                429496.7295
              ]
            ],
            "RewardLeft": [
              [
                429496.7295,
                429496.7295
              ]
            ],
            "RewardRight": [
              [
                NaN,
                NaN
              ]
            ],
            "WaitForChoice": [
              [
                429496.7295,
                429496.7295
              ]
            ],
            "WaitForPoke": [
              [
                0,
                429496.7295
              ]
            ]
          }
        }
      }
    ]
  },
  "sessionDateTime": "2019-05-07T21:01:39.070548",
  "sessionStartTime": "2019-05-07 21:01:39.070548",
  "trialSentTimestamp": [
    1557288099.31043,
    1557288113.201274,
    1557288114.897222
  ],
  "trialStartTimestamp": [
    0.141,
    14.029,
    15.724
  ]
}
