{
  "Settings": {
    "Hold Time (ms)": 450,
    "Left Rewards": 3,
    "Reward Amount (ul)": 2,
    "Rewards": 3,
    "Right Rewards": 0,
    "Session Duration (min)": 5,
    "Timeout (s)": 1,
    "nTrials": 4
  },
  "info": {
    "BpodFirmwareVersion": 16
  },
  "nTrials": 4,
  "rawData": [
    {
      "rawData": {
        "EventTimestamps": [
          429496.7295,
          429496.7295,
          429496.7295,
          429496.7295,
          429496.7295,
          429496.7295
        ],
        "Events": [
          70,
          108,
          108,
          71,
          68,
          108
        ],
        "StateTimestamps": [
          0,
          429496.7295,
          429496.7295,
          429496.7295,
          429496.7295,
          429496.7295
        ],
        "States": [
          0,
          1,
          3,
          4,
          5
        ],
        "TrialSentTimestamp": 1557288624.698766,
        "TrialStartTimestamp": 0.135
      }
    },
    {
      "rawData": {
        "EventTimestamps": [
          429496.7295,
          429496.7295,
          429496.7295,
          429496.7295,
          429496.7295,
          429496.7295,
          429496.7295
        ],
        "Events": [
          69,
          70,
          108,
          108,
          71,
          68,
          108
        ],
        "StateTimestamps": [
          0,
          429496.7295,
          429496.7295,
          429496.7295,
          429496.7295,
          429496.7295
        ],
        "States": [
          0,
          1,
          3,
          4,
          5
        ],
        "TrialSentTimestamp": 1557288726.442268,
        "TrialStartTimestamp": 101.87
      }
    },
    {
      "rawData": {
        "EventTimestamps": [
          429496.7295,
          429496.7295,
          429496.7295,
          429496.7295,
          429496.7295,
          429496.7295,
          429496.7295
        ],
        "Events": [
          69,
          70,
          108,
          108,
          71,
          68,
          108
        ],
        "StateTimestamps": [
          0,
          429496.7295,
          429496.7295,
          429496.7295,
          429496.7295,
          429496.7295
        ],
        "States": [
          0,
          1,
          3,
          4,
          5
        ],
        "TrialSentTimestamp": 1557288729.303789,
        "TrialStartTimestamp": 104.73
      }
    },
    {
      "rawData": {
        "EventTimestamps": [
          429496.7295,
          429496.7295,
          429496.7295,
          429496.7295,
          429496.7295,
          429496.7295,
          429496.7295,
          429496.7295,
          429496.7295,
          429496.7295,
          429496.7295,
          429496.7295,
          429496.7295,
          429496.7295,
          429496.7295,
          429496.7295,
          429496.7295,
          429496.7295,
          429496.7295
        ],
        "Events": [
          69,
          72,
          73,
          72,
          73,
          72,
          73,
          70,
          71,
          70,
          71,
          70,
          71,
          70,
          71,
          70,
          71,
          70,
          108
        ],
        "StateTimestamps": [
          0,
          429496.7295,
          429496.7295,
          429496.7295
        ],
        "States": [
          0,
          1,
          2
        ],
        "TrialSentTimestamp": 1557288731.549767,
        "TrialStartTimestamp": 106.975
      }
    }
  ],
  "rawEvents": {
    "Trial": [
      {
        "Trial": {
          "Events": {
            "Port1In": [
              429496.7295
            ],
            "Port2In": [
              429496.7295
            ],
            "Port2Out": [
              429496.7295
            ],
            "Tup": [
              429496.7295,
              429496.7295,
              429496.7295
            ]
          },
          "States": {
            "EarlyRelease": [
              [
                NaN,
                NaN
              ]
            ],
            "ExitPause": [
              [
                NaN,
                NaN
              ]
            ],
            "Poked": [
              [
                429496.7295,
                429496.7295
              ]
            ],
            "RewardCenter": [
              [
                429496.7295,
                429496.7295
              ]
            ],
            "RewardLeft": [
              [
                429496.7295,
                429496.7295
              ]
            ],
            "RewardRight": [
              [
                NaN,
                NaN
              ]
            ],
            "WaitForChoice": [
              [
                429496.7295,
                429496.7295
              ]
            ],
            "WaitForPoke": [
              [
                0,
                429496.7295
              ]
            ]
          }
        }
      },
      {
        "Trial": {
          "Events": {
            "Port1In": [
              429496.7295
            ],
            "Port1Out": [
              429496.7295
            ],
            "Port2In": [
              429496.7295
            ],
            "Port2Out": [
              429496.7295
            ],
            "Tup": [
              429496.7295,
              429496.7295,
              429496.7295
            ]
          },
          "States": {
            "EarlyRelease": [
              [
                NaN,
                NaN
              ]
            ],
            "ExitPause": [
              [
                NaN,
                NaN
              ]
            ],
            "Poked": [
              [
                429496.7295,
                429496.7295
              ]
            ],
            "RewardCenter": [
              [
                429496.7295,
                429496.7295
              ]
            ],
            "RewardLeft": [
              [
                429496.7295,
                429496.7295
              ]
            ],
            "RewardRight": [
              [
                NaN,
                NaN
              ]
            ],
            "WaitForChoice": [
              [
                429496.7295,
                429496.7295
              ]
            ],
            "WaitForPoke": [
              [
                0,
                429496.7295
              ]
            ]
          }
        }
      },
      {
        "Trial": {
          "Events": {
            "Port1In": [
              429496.7295
            ],
            "Port1Out": [
              429496.7295
            ],
            "Port2In": [
              429496.7295
            ],
            "Port2Out": [
              429496.7295
            ],
            "Tup": [
              429496.7295,
              429496.7295,
              429496.7295
            ]
          },
          "States": {
            "EarlyRelease": [
              [
                NaN,
                NaN
              ]
            ],
            "ExitPause": [
              [
                NaN,
                NaN
              ]
            ],
            "Poked": [
              [
                429496.7295,
                429496.7295
              ]
            ],
            "RewardCenter": [
              [
                429496.7295,
                429496.7295
              ]
            ],
            "RewardLeft": [
              [
                429496.7295,
                429496.7295
              ]
            ],
            "RewardRight": [
              [
                NaN,
                NaN
              ]
            ],
            "WaitForChoice": [
              [
                429496.7295,
                429496.7295
              ]
            ],