{
  "Settings": {
    "Hold Time (ms)": 150,
    "Reward Amount (ul)": 2,
    "Rewards": 3,
    "Session Duration (min)": 3,
    "Timeout (s)": 2,
    "nTrials": 3
  },
  "info": {
    "BpodFirmwareVersion": 16
  },
  "nTrials": 3,
  "rawData": [
    {
      "rawData": {
        "EventTimestamps": [
          429496.7295,
          429496.7295,
          429496.7295,
          429496.7295
        ],
        "Events": [
          70,
          108,
          108,
          108
        ],
        "StateTimestamps": [
          0,
          429496.7295,
          429496.7295,
          429496.7295,
          429496.7295
        ],
        "States": [
          0,
          1,
          3,
          4
        ],
        "TrialSentTimestamp": 1556580326.793237,
        "TrialStartTimestamp": 0.141
      }
    },
    {
      "rawData": {
        "EventTimestamps": [
          429496.7295,
          429496.7295,
          429496.7295,
          429496.7295,
          429496.7295
        ],
        "Events": [
          71,
          70,
          108,
          108,
          108
        ],
        "StateTimestamps": [
          0,
          429496.7295,
          429496.7295,
          429496.7295,
          429496.7295
        ],
        "States": [
          0,
          1,
          3,
          4
        ],
        "TrialSentTimestamp": 1556580328.935041,
        "TrialStartTimestamp": 2.282
      }
    },
    {
      "rawData": {
        "EventTimestamps": [
          429496.7295,
          429496.7295,
          429496.7295,
          429496.7295,
          429496.7295
        ],
        "Events": [
          71,
          70,
          108,
          108,
          108
        ],
        "StateTimestamps": [
          0,
          429496.7295,
          429496.7295,
          429496.7295,
          429496.7295
        ],
        "States": [
          0,
          1,
          3,
          4
        ],
        "TrialSentTimestamp": 1556580331.069755,
        "TrialStartTimestamp": 4.417
      }
    }
  ],
  "rawEvents": {
    "Trial": [
      {
        "Trial": {
          "Events": {
            "Port2In": [
              429496.7295
            ],
            "Tup": [
              429496.7295,
              429496.7295,
              429496.7295
            ]
          },
          "States": {
            "EarlyRelease": [
              [
                NaN,
                NaN
              ]
            ],
            "ExitPause": [
              [
                429496.7295,
                429496.7295
              ]
            ],
            "Poked": [
              [
                429496.7295,
                429496.7295
              ]
            ],
            "RewardCenter": [
              [
                429496.7295,
                429496.7295
              ]
            ],
            "WaitForPoke": [
              [
                0,
                429496.7295
              ]
            ]
          }
        }
      },
      {
        "Trial": {
          "Events": {
            "Port2In": [
              429496.7295
            ],
            "Port2Out": [
              429496.7295
            ],
            "Tup": [
              429496.7295,
              429496.7295,
              429496.7295
            ]
          },
          "States": {
            "EarlyRelease": [
              [
                NaN,
                NaN
              ]
            ],
            "ExitPause": [
              [
                429496.7295,
                429496.7295
              ]
            ],
            "Poked": [
              [
                429496.7295,
                429496.7295
              ]
            ],
            "RewardCenter": [
              [
                429496.7295,
                429496.7295
              ]
            ],
            "WaitForPoke": [
              [
                0,
                429496.7295
              ]
            ]
          }
        }
      },
      {
        "Trial": {
          "Events": {
            "Port2In": [
              429496.7295
            ],
            "Port2Out": [
              429496.7295
            ],
            "Tup": [
              429496.7295,
              429496.7295,
              429496.7295
            ]
          },
          "States": {
            "EarlyRelease": [
              [
                NaN,
                NaN
              ]
            ],
            "ExitPause": [
              [
                429496.7295,
                429496.7295
              ]
            ],
            "Poked": [
              [
                429496.7295,
                429496.7295
              ]
            ],
            "RewardCenter": [
              [
                429496.7295,
                429496.7295
              ]
            ],
            "WaitForPoke": [
              [
                0,
                429496.7295
              ]
            ]
          }
        }
      }
    ]
  },
  "sessionDateTime": "2019-04-29T16:25:26.554027",
  "sessionStartTime": "2019-04-29 16:25:26.554027",
  "trialSentTimestamp": [
    1556580326.793237,
    1556580328.935041,
    1556580331.069755
  ],
  "trialStartTimestamp": [
    0.141,
    2.282,
    4.417
  ]
}
